timeStamp,elapsed,label,responseCode,responseMessage,threadName,dataType,success,failureMessage,bytes,sentBytes,grpThreads,allThreads,URL,Latency,IdleTime,Connect
1776947775226,776,POST_User,201,Created,Posts_API_Tests 1-1,text,true,,1341,291,1,1,https://jsonplaceholder.typicode.com/posts,772,0,716
1776947778930,261,Get_all_Users,200,OK,Stress_Test 1-1,text,true,,6863,136,1,1,https://jsonplaceholder.typicode.com/users,256,0,230
1776947780861,51,Get_all_Users,200,OK,Stress_Test 1-2,text,true,,6862,136,1,1,https://jsonplaceholder.typicode.com/users,50,0,28
1776947782861,41,Get_all_Users,200,OK,Stress_Test 1-3,text,true,,6862,136,1,1,https://jsonplaceholder.typicode.com/users,39,0,25
1776947784859,45,Get_all_Users,200,OK,Stress_Test 1-4,text,true,,6862,136,1,1,https://jsonplaceholder.typicode.com/users,44,0,30
1776947786860,39,Get_all_Users,200,OK,Stress_Test 1-5,text,true,,6862,136,1,1,https://jsonplaceholder.typicode.com/users,38,0,23
1776947789534,280,Update_Post,200,OK,Update_Test 1-1,text,false,Test failed: text expected to match /400/,1204,307,1,1,https://jsonplaceholder.typicode.com/posts/1,277,0,235
1776947789960,64,Update_Post,200,OK,Update_Test 1-2,text,false,Test failed: text expected to match /400/,1207,307,1,1,https://jsonplaceholder.typicode.com/posts/1,64,0,32
1776947795106,250,GET_All_Posts,200,OK,Scenario_Posts_Comments 1-1,text,true,,28741,168,6,6,https://jsonplaceholder.typicode.com/posts,242,0,219
1776947795600,50,GET_All_Posts,200,OK,Scenario_Posts_Comments 1-2,text,true,,28741,168,7,7,https://jsonplaceholder.typicode.com/posts,45,0,28
1776947796321,41,GET_All_Posts,200,OK,Scenario_Posts_Comments 1-4,text,true,,28741,168,8,8,https://jsonplaceholder.typicode.com/posts,37,0,23
1776947796390,43,GET_All_Posts,200,OK,Scenario_Posts_Comments 1-3,text,true,,28741,168,8,8,https://jsonplaceholder.typicode.com/posts,40,0,25
1776947797021,47,GET_All_Posts,200,OK,Scenario_Posts_Comments 1-5,text,true,,28742,168,10,10,https://jsonplaceholder.typicode.com/posts,45,0,22
1776947797143,46,GET_All_Posts,200,OK,Scenario_Posts_Comments 1-6,text,true,,28741,168,10,10,https://jsonplaceholder.typicode.com/posts,44,0,23
1776947797817,47,GET_All_Posts,200,OK,Scenario_Posts_Comments 1-7,text,true,,28741,168,10,10,https://jsonplaceholder.typicode.com/posts,45,0,24
1776947798165,17,GET_Single_Post,200,OK,Scenario_Posts_Comments 1-1,text,true,,1518,170,10,10,https://jsonplaceholder.typicode.com/posts/1,17,0,0
1776947798473,15,GET_Single_Post,200,OK,Scenario_Posts_Comments 1-2,text,true,,1518,170,10,10,https://jsonplaceholder.typicode.com/posts/1,15,0,0
1776947798517,14,GET_Single_Post,200,OK,Scenario_Posts_Comments 1-3,text,true,,1518,170,10,10,https://jsonplaceholder.typicode.com/posts/1,14,0,0
1776947798721,42,GET_All_Posts,200,OK,Scenario_Posts_Comments 1-9,text,true,,28741,168,10,10,https://jsonplaceholder.typicode.com/posts,40,0,24
1776947798774,14,GET_Single_Post,200,OK,Scenario_Posts_Comments 1-4,text,true,,1518,170,10,10,https://jsonplaceholder.typicode.com/posts/1,14,0,0
1776947798921,47,GET_All_Posts,200,OK,Scenario_Posts_Comments 1-8,text,true,,28741,168,10,10,https://jsonplaceholder.typicode.com/posts,46,0,26
1776947799580,39,GET_All_Posts,200,OK,Scenario_Posts_Comments 1-10,text,true,,28741,168,10,10,https://jsonplaceholder.typicode.com/posts,37,0,22
1776947799811,19,GET_Single_Post,200,OK,Scenario_Posts_Comments 1-5,text,true,,1518,170,10,10,https://jsonplaceholder.typicode.com/posts/1,19,0,0
1776947800163,20,GET_Single_Post,200,OK,Scenario_Posts_Comments 1-6,text,true,,1519,170,10,10,https://jsonplaceholder.typicode.com/posts/1,20,0,0
1776947800372,16,GET_Single_Post,200,OK,Scenario_Posts_Comments 1-7,text,true,,1518,170,10,10,https://jsonplaceholder.typicode.com/posts/1,16,0,0
1776947800590,34,POST_Create_Comment,200,OK,Scenario_Posts_Comments 1-1,text,true,,158981,337,10,10,https://jsonplaceholder.typicode.com/comments,23,0,0
1776947800784,25,POST_Create_Comment,200,OK,Scenario_Posts_Comments 1-3,text,true,,158980,337,10,10,https://jsonplaceholder.typicode.com/comments,14,0,0
1776947801204,25,POST_Create_Comment,200,OK,Scenario_Posts_Comments 1-2,text,true,,158980,337,10,10,https://jsonplaceholder.typicode.com/comments,14,0,0
1776947801453,22,GET_Single_Post,200,OK,Scenario_Posts_Comments 1-9,text,true,,1519,170,10,10,https://jsonplaceholder.typicode.com/posts/1,22,0,0
1776947801706,30,POST_Create_Comment,200,OK,Scenario_Posts_Comments 1-4,text,true,,158980,337,10,10,https://jsonplaceholder.typicode.com/comments,19,0,0
1776947801744,21,GET_Single_Post,200,OK,Scenario_Posts_Comments 1-8,text,true,,1519,170,10,10,https://jsonplaceholder.typicode.com/posts/1,21,0,0
1776947802062,32,POST_Create_Comment,200,OK,Scenario_Posts_Comments 1-5,text,true,,158981,337,10,10,https://jsonplaceholder.typicode.com/comments,20,0,0
1776947802358,17,GET_Single_Post,200,OK,Scenario_Posts_Comments 1-10,text,true,,1518,170,10,10,https://jsonplaceholder.typicode.com/posts/1,17,0,0
1776947802408,29,POST_Create_Comment,200,OK,Scenario_Posts_Comments 1-7,text,true,,158980,337,10,10,https://jsonplaceholder.typicode.com/comments,17,0,0
1776947803027,24,POST_Create_Comment,200,OK,Scenario_Posts_Comments 1-6,text,true,,158980,337,10,10,https://jsonplaceholder.typicode.com/comments,16,0,0
1776947803068,19,GET_All_Posts,200,OK,Scenario_Posts_Comments 1-1,text,true,,28741,168,10,10,https://jsonplaceholder.typicode.com/posts,18,0,0
1776947803249,15,GET_All_Posts,200,OK,Scenario_Posts_Comments 1-2,text,true,,28741,168,10,10,https://jsonplaceholder.typicode.com/posts,15,0,0
1776947803703,13,GET_All_Posts,200,OK,Scenario_Posts_Comments 1-3,text,true,,28741,168,10,10,https://jsonplaceholder.typicode.com/posts,12,0,0
1776947804123,30,POST_Create_Comment,200,OK,Scenario_Posts_Comments 1-9,text,true,,158980,337,10,10,https://jsonplaceholder.typicode.com/comments,21,0,0
1776947804194,37,POST_Create_Comment,200,OK,Scenario_Posts_Comments 1-8,text,true,,158981,337,10,10,https://jsonplaceholder.typicode.com/comments,27,0,0
1776947804512,14,GET_All_Posts,200,OK,Scenario_Posts_Comments 1-4,text,true,,28741,168,10,10,https://jsonplaceholder.typicode.com/posts,13,0,0
1776947804652,27,POST_Create_Comment,200,OK,Scenario_Posts_Comments 1-10,text,true,,158980,337,10,10,https://jsonplaceholder.typicode.com/comments,16,0,0
1776947804850,17,GET_All_Posts,200,OK,Scenario_Posts_Comments 1-5,text,true,,28741,168,10,10,https://jsonplaceholder.typicode.com/posts,16,0,0
1776947805292,15,GET_All_Posts,200,OK,Scenario_Posts_Comments 1-7,text,true,,28741,168,10,10,https://jsonplaceholder.typicode.com/posts,14,0,0
1776947805361,15,GET_All_Posts,200,OK,Scenario_Posts_Comments 1-6,text,true,,28741,168,10,10,https://jsonplaceholder.typicode.com/posts,14,0,0
1776947805492,15,GET_Single_Post,200,OK,Scenario_Posts_Comments 1-1,text,true,,1518,170,10,10,https://jsonplaceholder.typicode.com/posts/1,14,0,0
1776947805801,13,GET_Single_Post,200,OK,Scenario_Posts_Comments 1-2,text,true,,1518,170,10,10,https://jsonplaceholder.typicode.com/posts/1,13,0,0
1776947806083,14,GET_Single_Post,200,OK,Scenario_Posts_Comments 1-3,text,true,,1518,170,10,10,https://jsonplaceholder.typicode.com/posts/1,14,0,0
1776947806841,15,GET_All_Posts,200,OK,Scenario_Posts_Comments 1-9,text,true,,28741,168,10,10,https://jsonplaceholder.typicode.com/posts,14,0,0
1776947806846,17,GET_All_Posts,200,OK,Scenario_Posts_Comments 1-8,text,true,,28741,168,10,10,https://jsonplaceholder.typicode.com/posts,16,0,0
1776947807167,14,GET_All_Posts,200,OK,Scenario_Posts_Comments 1-10,text,true,,28741,168,10,10,https://jsonplaceholder.typicode.com/posts,13,0,0
1776947807307,17,GET_Single_Post,200,OK,Scenario_Posts_Comments 1-4,text,true,,1518,170,10,10,https://jsonplaceholder.typicode.com/posts/1,17,0,0
1776947807431,13,GET_Single_Post,200,OK,Scenario_Posts_Comments 1-5,text,true,,1518,170,10,10,https://jsonplaceholder.typicode.com/posts/1,13,0,0
1776947807597,15,GET_Single_Post,200,OK,Scenario_Posts_Comments 1-6,text,true,,1518,170,10,10,https://jsonplaceholder.typicode.com/posts/1,15,0,0
1776947807767,13,GET_Single_Post,200,OK,Scenario_Posts_Comments 1-7,text,true,,1518,170,10,10,https://jsonplaceholder.typicode.com/posts/1,13,0,0
1776947807844,25,POST_Create_Comment,200,OK,Scenario_Posts_Comments 1-1,text,true,,158981,337,10,10,https://jsonplaceholder.typicode.com/comments,23,0,0
1776947808224,19,POST_Create_Comment,200,OK,Scenario_Posts_Comments 1-2,text,true,,158980,337,9,9,https://jsonplaceholder.typicode.com/comments,16,0,0
1776947808787,24,POST_Create_Comment,200,OK,Scenario_Posts_Comments 1-3,text,true,,158980,337,8,8,https://jsonplaceholder.typicode.com/comments,18,0,0
1776947809288,16,GET_Single_Post,200,OK,Scenario_Posts_Comments 1-10,text,true,,1518,170,7,7,https://jsonplaceholder.typicode.com/posts/1,16,0,0
1776947809443,14,GET_Single_Post,200,OK,Scenario_Posts_Comments 1-8,text,true,,1518,170,7,7,https://jsonplaceholder.typicode.com/posts/1,14,0,0
1776947809479,16,POST_Create_Comment,200,OK,Scenario_Posts_Comments 1-4,text,true,,158980,337,7,7,https://jsonplaceholder.typicode.com/comments,13,0,0
1776947809517,29,POST_Create_Comment,200,OK,Scenario_Posts_Comments 1-5,text,true,,158981,337,6,6,https://jsonplaceholder.typicode.com/comments,26,0,0
1776947809685,16,GET_Single_Post,200,OK,Scenario_Posts_Comments 1-9,text,true,,1518,170,5,5,https://jsonplaceholder.typicode.com/posts/1,16,0,0
1776947809939,16,POST_Create_Comment,200,OK,Scenario_Posts_Comments 1-6,text,true,,158980,337,5,5,https://jsonplaceholder.typicode.com/comments,13,0,0
1776947810711,20,POST_Create_Comment,200,OK,Scenario_Posts_Comments 1-7,text,true,,158980,337,4,4,https://jsonplaceholder.typicode.com/comments,17,0,0
1776947811836,19,POST_Create_Comment,200,OK,Scenario_Posts_Comments 1-10,text,true,,158980,337,3,3,https://jsonplaceholder.typicode.com/comments,17,0,0
1776947812069,30,POST_Create_Comment,200,OK,Scenario_Posts_Comments 1-8,text,true,,158981,337,2,2,https://jsonplaceholder.typicode.com/comments,27,0,0
1776947812624,18,POST_Create_Comment,200,OK,Scenario_Posts_Comments 1-9,text,true,,158980,337,1,1,https://jsonplaceholder.typicode.com/comments,15,0,0
